Div,Date,HomeTeam,AwayTeam,FTHG,FTAG,FTR,HTHG,HTAG,HTR,Attendance,Referee,HS,AS,HST,AST,HHW,AHW,HC,AC,HF,AF,HO,AO,HY,AY,HR,AR,HBP,ABP,GBH,GBD,GBA,IWH,IWD,IWA,WHH,WHD,WHA
D2,20/05/01,Mannheim,Mainz,4,0,H,1,0,H,27000.0,Helmut Fleischer ,12.0,10.0,7.0,2.0,,1.0,6.0,0.0,14.0,14.0,7.0,2.0,0.0,2.0,0.0,0.0,0.0,20.0,1.3,4.5,7.25,,,,1.35,4.0,6.75
D2,24/09/00,Osnabruck,Hannover,0,1,A,0,0,D,10573.0,Helmut Fleischer ,,,,,,,,,,,,,0.0,1.0,0.0,0.0,0.0,10.0,2.45,2.9,2.45,2.4,2.9,2.4,2.5,2.9,2.55
D2,21/10/00,Greuther Furth,Nurnberg,0,0,D,0,0,D,35100.0,Michael Weiner ,,,,,,,,,,,,,3.0,2.0,0.0,0.0,30.0,20.0,3.4,3.15,1.9,3.5,3.0,1.8,4.1,3.1,1.75
D2,10/09/00,St Pauli,Stuttgarter K,4,0,H,2,0,H,16255.0,Thomas Frank ,,,,,,,,,,,,,0.0,0.0,0.0,0.0,0.0,0.0,1.66,3.2,4.4,1.7,3.1,3.8,1.6,3.3,4.7
D2,05/09/00,Reutlingen,St Pauli,2,0,H,0,0,D,8500.0,Manfred Haupt ,,,,,,,,,,,,,2.0,1.0,0.0,0.0,20.0,10.0,2.4,3.1,2.55,2.0,2.9,3.0,2.3,2.85,2.85
D2,07/04/01,Mannheim,Greuther Furth,2,1,H,1,1,D,8400.0,Herbert Fandel ,11.0,9.0,7.0,4.0,,0.0,7.0,5.0,23.0,17.0,7.0,0.0,3.0,2.0,0.0,1.0,30.0,45.0,1.95,3.1,3.4,,,,1.8,3.2,3.7
D2,15/09/00,Duisburg,St Pauli,4,1,H,3,1,H,7709.0,Peter Lange ,,,,,,,,,,,,,1.0,2.0,0.0,1.0,10.0,45.0,2.0,3.0,3.5,1.9,2.9,3.2,1.85,3.2,3.5
D2,11/02/01,Reutlingen,Nurnberg,3,2,H,0,1,A,12300.0,Matthias Anklam ,14.0,14.0,5.0,4.0,,1.0,6.0,4.0,8.0,6.0,6.0,1.0,2.0,3.0,0.0,0.0,20.0,30.0,2.55,2.95,2.45,2.3,2.9,2.5,2.65,2.9,2.4
D2,18/08/00,Chemnitz,Hannover,0,2,A,0,0,D,7020.0,Jrg Kessler ,,,,,,,,,,,,,0.0,0.0,0.0,0.0,0.0,0.0,2.05,3.05,3.0,2.1,2.9,2.9,2.25,2.8,3.0
D2,24/09/00,Oberhausen,Chemnitz,4,1,H,2,0,H,2701.0,Markus Schmidt ,,,,,,,,,,,,,1.0,1.0,0.0,1.0,10.0,35.0,1.7,3.45,3.9,1.65,3.1,4.0,1.7,3.2,4.2
D2,31/03/01,Hannover,Oberhausen,3,0,H,0,0,D,6811.0,Lutz Wagner ,10.0,11.0,6.0,3.0,0.0,0.0,2.0,3.0,29.0,21.0,7.0,6.0,2.0,4.0,0.0,0.0,20.0,40.0,1.85,3.1,3.75,1.85,2.9,3.4,1.9,3.15,3.4
D2,12/11/00,Ahlen,Saarbrucken,2,0,H,1,0,H,7120.0,Peter Lange ,,,,,,,,,,,,,0.0,3.0,0.0,0.0,0.0,30.0,2.3,3.0,2.8,2.3,2.8,2.6,2.3,2.9,2.8
D2,08/12/00,Duisburg,Saarbrucken,2,1,H,1,1,D,7706.0,Frank Minskowski ,,,,,,,,,,,,,2.0,0.0,0.0,0.0,20.0,0.0,1.75,3.4,4.0,1.7,3.1,3.8,1.65,3.2,4.5
D2,18/02/01,Ulm,Chemnitz,3,0,H,2,0,H,6000.0,Kai Voss ,13.0,5.0,6.0,2.0,0.0,0.0,8.0,1.0,17.0,12.0,3.0,2.0,1.0,3.0,0.0,0.0,10.0,30.0,1.52,3.45,5.2,1.55,3.3,4.5,1.5,3.5,5.5
D2,18/03/01,Ahlen,M'gladbach,2,1,H,2,1,H,11000.0,Peter Sippel ,11.0,15.0,5.0,9.0,0.0,1.0,4.0,11.0,26.0,16.0,1.0,4.0,4.0,3.0,1.0,1.0,65.0,55.0,2.65,3.0,2.4,2.4,2.9,2.4,2.7,3.1,2.25
D2,14/08/00,Duisburg,Ulm,1,2,A,0,1,A,8550.0,Franz-Xaver Wack ,11.0,5.0,6.0,2.0,0.0,0.0,10.0,3.0,22.0,26.0,0.0,1.0,3.0,1.0,0.0,1.0,30.0,35.0,2.0,3.0,3.4,2.0,2.9,3.0,2.0,3.1,3.2
D2,29/04/01,Saarbrucken,Reutlingen,2,2,D,1,1,D,6000.0,Kai Voss ,9.0,7.0,4.0,5.0,0.0,0.0,8.0,2.0,28.0,19.0,6.0,3.0,4.0,0.0,0.0,0.0,40.0,0.0,1.8,3.15,4.0,2.0,3.0,2.9,1.75,3.3,3.8
D2,01/04/01,Osnabruck,Aachen,5,1,H,4,1,H,11000.0,Wolfgang Stark ,18.0,11.0,12.0,3.0,0.0,1.0,4.0,8.0,25.0,16.0,9.0,1.0,1.0,2.0,0.0,1.0,10.0,45.0,2.15,3.0,3.05,2.2,2.8,2.8,2.25,2.9,2.85
D2,25/11/00,Bielefeld,M'gladbach,1,2,A,1,0,H,15588.0,Helmut Fleischer ,,,,,,,,,,,,,1.0,3.0,0.0,0.0,10.0,30.0,2.15,2.9,3.2,2.2,2.8,2.8,2.1,2.9,3.15
D2,16/03/01,Aachen,Saarbrucken,1,0,H,1,0,H,13200.0,Peter Lange ,15.0,9.0,8.0,5.0,1.0,0.0,8.0,2.0,15.0,13.0,4.0,1.0,3.0,5.0,0.0,0.0,30.0,50.0,1.88,3.1,3.65,2.0,2.9,3.0,1.85,3.2,3.5
D2,01/03/01,St Pauli,Reutlingen,1,0,H,1,0,H,18000.0,Jrgen Jansen ,14.0,10.0,4.0,2.0,0.0,0.0,8.0,2.0,24.0,17.0,3.0,0.0,2.0,2.0,0.0,0.0,20.0,20.0,1.75,3.2,4.0,1.9,2.8,3.3,1.7,3.2,4.2
D2,04/09/00,M'gladbach,Ulm,5,0,H,2,0,H,18800.0,Christian Schssling ,,,,,,,,,,,,,4.0,5.0,0.0,1.0,40.0,75.0,1.8,3.1,3.8,1.75,3.1,3.6,1.7,3.1,4.4
D2,18/03/01,Mainz,Osnabruck,2,0,H,1,0,H,6066.0,Stefan Kammerer ,13.0,5.0,7.0,4.0,0.0,0.0,8.0,3.0,17.0,14.0,2.0,2.0,1.0,3.0,0.0,0.0,10.0,30.0,1.85,3.1,3.7,1.75,3.1,3.6,1.8,3.15,3.75
D2,04/05/01,Duisburg,Chemnitz,1,1,D,1,0,H,5030.0,Jrg Kessler ,7.0,10.0,5.0,5.0,2.0,0.0,6.0,2.0,13.0,8.0,2.0,3.0,0.0,1.0,0.0,0.0,0.0,10.0,1.25,4.45,7.8,1.35,3.8,6.2,1.25,4.5,8.5
D2,13/05/01,Chemnitz,Bielefeld,1,0,H,1,0,H,3200.0,Wolfgang Stark ,11.0,15.0,4.0,8.0,1.0,1.0,4.0,3.0,9.0,9.0,2.0,1.0,1.0,2.0,0.0,0.0,10.0,20.0,4.4,3.5,1.62,,,,4.25,3.6,1.6
D2,14/04/01,Hannover,Mainz,2,4,A,2,2,D,6211.0,Alfons Berg ,6.0,18.0,4.0,11.0,0.0,1.0,2.0,10.0,10.0,21.0,11.0,2.0,0.0,1.0,0.0,0.0,0.0,10.0,1.72,3.2,4.25,1.9,2.9,3.2,1.85,3.2,3.5
D2,16/02/01,Nurnberg,Stuttgarter K,2,1,H,1,1,D,15000.0,Mike Pickel ,12.0,9.0,5.0,5.0,0.0,0.0,8.0,6.0,11.0,12.0,5.0,5.0,2.0,0.0,1.0,0.0,45.0,0.0,1.25,4.8,8.0,1.35,3.8,6.2,1.3,4.25,7.5
D2,10/11/00,Duisburg,Bielefeld,2,1,H,1,0,H,8507.0,Mike Pickel ,,,,,,,,,,,,,2.0,3.0,0.0,0.0,20.0,30.0,1.95,3.0,3.6,2.1,2.9,2.9,2.05,2.9,3.25
D2,17/12/00,Nurnberg,Hannover,4,2,H,2,1,H,25200.0,Peter Lange ,,,,,,,,,,,,,1.0,1.0,0.0,0.0,10.0,10.0,1.6,3.4,5.0,1.6,3.2,4.2,1.45,3.5,6.0
D2,03/03/01,Nurnberg,Bielefeld,2,1,H,2,0,H,17000.0,Edgar Steinborn ,12.0,5.0,7.0,3.0,0.0,0.0,6.0,1.0,15.0,8.0,4.0,6.0,1.0,1.0,0.0,0.0,10.0,10.0,1.37,3.9,6.75,1.45,3.5,5.0,1.4,3.6,7.0
D2,23/02/01,Duisburg,Nurnberg,3,2,H,1,2,A,8201.0,Stefan Weber ,7.0,12.0,7.0,8.0,0.0,0.0,5.0,3.0,13.0,11.0,2.0,2.0,1.0,1.0,0.0,0.0,10.0,10.0,2.5,3.0,2.45,2.2,2.9,2.7,2.45,3.0,2.5
D2,29/10/00,Ahlen,Greuther Furth,2,0,H,1,0,H,5830.0,Bernd Heynemann ,,,,,,,,,,,,,4.0,0.0,0.0,0.0,40.0,0.0,2.6,2.95,2.45,2.4,2.9,2.4,2.4,2.9,2.65
D2,17/09/00,Saarbrucken,Osnabruck,2,1,H,1,1,D,14000.0,Jrgen Kreyer ,,,,,,,,,,,,,2.0,2.0,0.0,0.0,20.0,20.0,1.6,3.3,5.0,1.55,3.3,4.5,1.55,3.45,5.0
D2,13/12/00,Aachen,Ahlen,4,3,H,1,1,D,10400.0,Christian Schssling ,,,,,,,,,,,,,2.0,3.0,0.0,0.0,20.0,30.0,1.9,3.1,3.55,1.9,2.9,3.2,1.85,3.0,3.8
D2,09/12/00,Stuttgarter K,Osnabruck,2,1,H,1,0,H,3745.0,Hermann Albrecht ,,,,,,,,,,,,,1.0,2.0,0.0,0.0,10.0,20.0,1.75,3.2,4.2,1.8,3.0,3.5,1.8,3.1,3.85
D2,15/04/01,Ulm,St Pauli,1,4,A,0,3,A,4500.0,Thomas Frank ,8.0,8.0,0.0,5.0,2.0,0.0,8.0,5.0,9.0,8.0,0.0,1.0,3.0,3.0,0.0,0.0,30.0,30.0,2.65,2.9,2.47,2.3,2.9,2.5,2.45,3.0,2.5
D2,17/12/00,Chemnitz,Greuther Furth,0,2,A,0,1,A,3850.0,Frank Minskowski ,,,,,,,,,,,,,2.0,0.0,0.0,0.0,20.0,0.0,2.9,3.3,2.1,2.9,2.9,2.1,3.05,3.0,2.1
D2,14/04/01,Oberhausen,Aachen,3,0,H,0,0,D,4000.0,Peter Sippel ,14.0,9.0,7.0,8.0,0.0,0.0,9.0,4.0,17.0,11.0,5.0,2.0,0.0,1.0,0.0,0.0,0.0,10.0,1.8,3.15,3.9,2.0,2.9,3.0,1.8,3.15,3.75
D2,06/05/01,Reutlingen,Osnabruck,2,0,H,1,0,H,5000.0,Ralf Spker ,15.0,11.0,11.0,4.0,0.0,1.0,6.0,8.0,8.0,16.0,2.0,1.0,2.0,3.0,0.0,0.0,20.0,30.0,1.75,3.4,3.75,1.75,3.1,3.6,1.7,3.4,3.9
D2,30/09/00,M'gladbach,St Pauli,4,2,H,1,1,D,25451.0,Knut Kircher ,,,,,,,,,,,,,2.0,2.0,0.0,0.0,20.0,20.0,1.6,3.3,4.85,1.5,3.4,4.7,1.6,3.25,4.8
D2,20/08/00,Oberhausen,Duisburg,1,0,H,1,0,H,10000.0,Edgar Steinborn ,,,,,,,,,,,,,0.0,4.0,0.0,0.0,0.0,40.0,2.3,3.0,2.6,2.2,2.9,2.7,2.55,2.8,2.55
D2,03/12/00,St Pauli,Aachen,3,3,D,1,2,A,15793.0,Mike Pickel ,,,,,,,,,,,,,3.0,3.0,0.0,0.0,30.0,30.0,1.65,3.3,4.4,1.7,3.1,3.8,1.65,3.1,4.75
D2,12/04/01,Bielefeld,Duisburg,1,1,D,0,0,D,10050.0,Markus Schmidt ,11.0,11.0,6.0,6.0,0.0,0.0,3.0,6.0,18.0,12.0,4.0,8.0,1.0,3.0,0.0,1.0,10.0,55.0,2.1,3.15,3.0,2.0,2.9,3.0,2.3,3.0,2.7
D2,19/03/01,Mannheim,Bielefeld,3,3,D,1,2,A,6000.0,Florian Meyer ,22.0,12.0,13.0,9.0,2.0,0.0,6.0,6.0,9.0,24.0,4.0,5.0,1.0,2.0,0.0,0.0,10.0,20.0,1.56,3.4,5.2,,,,1.55,3.4,5.0
D2,01/04/01,Ulm,Mainz,0,2,A,0,0,D,7000.0,Detlef Scheppe ,13.0,6.0,5.0,3.0,0.0,0.0,8.0,5.0,13.0,6.0,0.0,1.0,0.0,3.0,0.0,0.0,0.0,30.0,1.95,3.1,3.4,2.0,2.9,3.0,1.9,3.15,3.4
D2,07/04/01,Ahlen,Chemnitz,5,2,H,3,2,H,7630.0,Mike Pickel ,17.0,4.0,9.0,2.0,0.0,0.0,4.0,1.0,9.0,13.0,2.0,2.0,2.0,2.0,0.0,1.0,20.0,45.0,1.3,4.3,8.0,1.25,4.3,8.0,1.25,4.5,8.5
D2,22/04/01,Stuttgarter K,Greuther Furth,0,5,A,0,2,A,6500.0,Torsten Koop ,13.0,15.0,3.0,8.0,0.0,0.0,5.0,1.0,14.0,10.0,5.0,4.0,2.0,2.0,1.0,0.0,45.0,20.0,2.3,3.0,2.77,2.3,2.8,2.6,2.2,3.05,2.8
D2,26/11/00,Reutlingen,Saarbrucken,8,2,H,3,0,H,8020.0,Michael Weiner ,,,,,,,,,,,,,2.0,4.0,0.0,0.0,20.0,40.0,1.85,3.2,3.8,1.8,2.9,3.6,1.85,3.15,3.6
D2,30/03/01,Saarbrucken,St Pauli,1,0,H,1,0,H,10000.0,Joerg Kessler ,16.0,11.0,3.0,3.0,0.0,0.0,6.0,2.0,23.0,23.0,7.0,1.0,3.0,3.0,0.0,0.0,30.0,30.0,2.35,3.0,2.67,2.1,2.9,2.9,2.3,2.9,2.8
D2,10/03/01,Saarbrucken,Mainz,1,1,D,1,1,D,5000.0,Matthias Anklam ,11.0,12.0,6.0,3.0,0.0,0.0,7.0,7.0,16.0,22.0,7.0,2.0,1.0,3.0,0.0,0.0,10.0,30.0,1.65,3.2,4.6,1.7,3.1,3.8,1.7,3.2,4.2
D2,17/09/00,Greuther Furth,Oberhausen,1,2,A,1,0,H,4863.0,Matthias Anklam ,,,,,,,,,,,,,1.0,4.0,0.0,0.0,10.0,40.0,1.75,3.15,3.85,1.7,3.1,3.8,1.7,3.15,4.3
D2,12/08/00,Ahlen,St Pauli,3,6,A,2,2,D,8000.0,Gnter Perl ,,,,,,,,,,,,,2.0,0.0,0.0,0.0,20.0,0.0,,,,1.9,2.9,3.2,1.9,3.2,3.3
D2,05/03/01,St Pauli,M'gladbach,0,2,A,0,1,A,20500.0,Torsten Koop ,13.0,16.0,6.0,6.0,0.0,1.0,4.0,5.0,12.0,24.0,5.0,5.0,4.0,6.0,0.0,0.0,40.0,60.0,2.25,3.0,2.8,2.3,2.9,2.5,2.3,2.95,2.75
D2,19/11/00,Oberhausen,St Pauli,2,3,A,2,1,H,6650.0,Christian Schssling ,,,,,,,,,,,,,3.0,7.0,0.0,1.0,30.0,95.0,2.1,2.9,3.3,1.85,2.9,3.4,2.0,3.0,3.3
D2,09/03/01,Osnabruck,Oberhausen,0,0,D,0,0,D,14800.0,Peter Gagelmann,4.0,4.0,0.0,0.0,1.0,0.0,3.0,4.0,11.0,13.0,4.0,1.0,1.0,3.0,0.0,0.0,10.0,30.0,2.12,3.1,2.95,2.1,2.8,3.0,2.1,3.1,2.95
D2,09/02/01,Hannover,Saarbrucken,3,0,H,1,0,H,8025.0,Thorsten Koop ,13.0,7.0,4.0,1.0,1.0,1.0,2.0,6.0,15.0,17.0,10.0,1.0,1.0,2.0,0.0,0.0,10.0,20.0,1.7,3.2,4.2,2.0,2.9,3.0,1.85,3.1,3.65
D2,05/11/00,Ulm,Aachen,3,1,H,0,0,D,8000.0,Stefan Weber ,,,,,,,,,,,,,3.0,3.0,0.0,1.0,30.0,55.0,1.95,3.4,3.0,1.85,3.0,3.3,1.85,3.1,3.65
D2,20/10/00,Bielefeld,Mannheim,0,0,D,0,0,D,9681.0,Kai Voss ,,,,,,,,,,,,,4.0,4.0,0.0,0.0,40.0,40.0,1.5,3.3,5.7,,,,,,
D2,23/04/01,Duisburg,M'gladbach,0,2,A,0,1,A,14253.0,Bernd Heynemann ,10.0,18.0,4.0,7.0,0.0,1.0,6.0,3.0,14.0,21.0,5.0,6.0,2.0,1.0,0.0,0.0,20.0,10.0,2.4,3.0,2.65,2.2,2.9,2.7,2.5,2.95,2.5
D2,17/03/01,Nurnberg,Greuther Furth,0,1,A,0,1,A,38000.0,Detlef Scheppe ,8.0,5.0,6.0,3.0,0.0,0.0,4.0,2.0,11.0,20.0,3.0,7.0,1.0,1.0,2.0,1.0,60.0,35.0,1.65,3.35,4.5,2.0,2.9,3.0,1.7,2.85,5.0
D2,15/12/00,Osnabruck,Bielefeld,1,0,H,0,0,D,10370.0,Markus Schmidt ,,,,,,,,,,,,,4.0,1.0,0.0,0.0,40.0,10.0,2.4,3.1,2.6,2.4,2.9,2.4,2.5,2.95,2.5
D2,23/02/01,Saarbrucken,Ulm,1,1,D,0,1,A,5000.0,Franz-Xaver Wack ,15.0,9.0,11.0,6.0,0.0,1.0,4.0,3.0,19.0,18.0,1.0,2.0,2.0,2.0,0.0,0.0,20.0,20.0,1.7,3.25,4.1,1.7,3.1,3.8,1.65,3.3,4.4
D2,25/11/00,Ahlen,Ulm,1,0,H,1,0,H,5562.0,Matthias Anklam ,,,,,,,,,,,,,4.0,3.0,0.0,0.0,40.0,30.0,2.1,3.0,3.2,2.1,2.9,2.9,2.05,3.0,3.15
D2,20/05/01,Duisburg,Osnabruck,2,2,D,1,1,D,11000.0,Lutz Wagner ,14.0,12.0,6.0,3.0,2.0,1.0,9.0,5.0,13.0,9.0,2.0,3.0,1.0,1.0,0.0,0.0,10.0,10.0,2.17,3.35,2.72,,,,2.2,3.5,2.5
D2,03/12/00,Oberhausen,Ahlen,1,0,H,0,0,D,4294.0,Thomas Frank ,,,,,,,,,,,,,3.0,4.0,0.0,0.0,30.0,40.0,1.85,3.15,3.8,1.8,2.9,3.6,1.85,3.1,3.65
D2,10/12/00,M'gladbach,Greuther Furth,3,1,H,1,0,H,19800.0,Torsten Koop ,,,,,,,,,,,,,1.0,1.0,0.0,0.0,10.0,10.0,1.75,3.2,4.2,1.75,3.1,3.6,1.65,3.1,4.75
D2,08/04/01,St Pauli,Osnabruck,2,4,A,0,3,A,20552.0,Thorsten Kinhfer ,17.0,9.0,9.0,6.0,0.0,0.0,16.0,0.0,17.0,20.0,3.0,1.0,4.0,6.0,0.0,0.0,40.0,60.0,1.42,3.7,6.5,1.65,3.1,4.0,1.4,3.7,6.5
D2,18/02/01,Ahlen,Reutlingen,3,1,H,3,1,H,7135.0,Manfred Haupt ,10.0,10.0,10.0,3.0,0.0,0.0,4.0,6.0,16.0,17.0,3.0,3.0,4.0,1.0,1.0,0.0,65.0,10.0,2.15,3.1,2.85,2.2,2.9,2.7,2.1,3.1,2.95
D2,12/03/01,M'gladbach,Nurnberg,1,1,D,1,0,H,26000.0,Markus Merk ,5.0,10.0,2.0,4.0,0.0,0.0,6.0,1.0,24.0,24.0,13.0,1.0,1.0,5.0,0.0,0.0,10.0,50.0,2.05,3.0,3.25,2.0,2.8,3.1,1.85,3.15,3.55
D2,10/12/00,Mannheim,Oberhausen,5,0,H,1,0,H,5000.0,Markus Schmidt ,,,,,,,,,,,,,3.0,2.0,0.0,1.0,30.0,45.0,1.9,3.0,3.8,,,,1.8,3.1,3.85
D2,10/09/00,Oberhausen,M'gladbach,1,1,D,0,1,A,12437.0,Uwe Kemmling ,,,,,,,,,,,,,3.0,4.0,0.0,0.0,30.0,40.0,2.5,3.2,2.3,2.4,2.9,2.4,3.15,2.9,2.1
D2,29/09/00,Saarbrucken,Oberhausen,3,2,H,2,0,H,11300.0,Torsten Koop ,,,,,,,,,,,,,1.0,3.0,0.0,0.0,10.0,30.0,1.8,3.15,3.8,1.8,3.0,3.5,1.8,3.2,3.7
D2,05/05/01,Aachen,St Pauli,0,1,A,0,1,A,13400.0,Hermann Albrecht ,11.0,9.0,2.0,5.0,0.0,1.0,5.0,4.0,15.0,17.0,2.0,4.0,2.0,1.0,0.0,0.0,20.0,10.0,2.5,3.0,2.3,2.4,2.9,2.4,2.5,3.2,2.35
D2,12/11/00,Aachen,Oberhausen,3,1,H,3,0,H,11800.0,Ralf Spker ,,,,,,,,,,,,,2.0,2.0,0.0,0.0,20.0,20.0,2.2,3.1,2.8,2.0,2.9,3.0,2.0,3.0,3.3
D2,19/02/01,Aachen,Bielefeld,1,0,H,1,0,H,10000.0,Torsten Koop ,12.0,14.0,6.0,3.0,0.0,0.0,11.0,5.0,16.0,11.0,2.0,4.0,2.0,2.0,0.0,0.0,20.0,20.0,2.05,2.95,3.15,2.1,2.9,2.9,2.1,3.1,2.95
D2,28/01/01,Stuttgarter K,Mainz,0,0,D,0,0,D,4772.0,Stefan Weber ,9.0,15.0,3.0,9.0,0.0,0.0,6.0,4.0,11.0,6.0,3.0,5.0,1.0,1.0,0.0,0.0,10.0,10.0,1.9,3.2,3.5,2.0,2.9,3.0,2.0,3.0,3.25
D2,28/10/00,Mainz,Ulm,0,3,A,0,0,D,4620.0,Babak Rafati ,,,,,,,,,,,,,0.0,3.0,1.0,0.0,25.0,30.0,1.9,3.2,3.6,1.9,2.9,3.2,1.95,3.1,3.35
D2,19/11/00,M'gladbach,Duisburg,1,1,D,0,1,A,20000.0,Hartmut Strampe ,,,,,,,,,,,,,2.0,3.0,0.0,1.0,20.0,55.0,1.85,3.2,3.6,1.85,2.9,3.4,1.8,3.2,3.7
D2,01/10/00,Greuther Furth,Aachen,3,0,H,1,0,H,5417.0,Peter Gagelmann ,,,,,,,,,,,,,1.0,2.0,0.0,0.0,10.0,20.0,2.1,3.1,3.0,1.9,2.9,3.2,2.1,3.0,3.0
D2,17/12/00,St Pauli,Ahlen,3,2,H,1,1,D,15400.0,Knut Kircher ,,,,,,,,,,,,,3.0,2.0,0.0,0.0,30.0,20.0,1.6,3.5,4.8,1.7,3.1,3.8,1.5,3.5,5.3
D2,03/03/01,Mainz,Chemnitz,3,1,H,1,1,D,3000.0,Peter Lange ,12.0,8.0,5.0,3.0,0.0,0.0,6.0,5.0,16.0,15.0,2.0,2.0,1.0,2.0,0.0,0.0,10.0,20.0,1.55,3.5,4.9,1.55,3.3,4.5,1.55,3.5,4.8
D2,28/10/00,Aachen,Osnabruck,0,0,D,0,0,D,12800.0,Manfred Haupt ,,,,,,,,,,,,,4.0,2.0,0.0,0.0,40.0,20.0,1.6,3.3,4.9,1.55,3.3,4.5,1.55,3.5,4.8
D2,11/12/00,Hannover,St Pauli,1,1,D,1,0,H,22235.0,Thorsten Kinhfer ,,,,,,,,,,,,,2.0,4.0,0.0,0.0,20.0,40.0,1.9,3.0,3.85,1.75,3.1,3.6,1.85,3.1,3.6
D2,10/12/00,Ahlen,Mainz,1,0,H,1,0,H,5083.0,Dirk Margenberg ,,,,,,,,,,,,,3.0,3.0,0.0,0.0,30.0,30.0,1.9,3.2,3.6,1.9,2.9,3.2,2.0,2.9,3.4
D2,29/04/01,Osnabruck,Mannheim,0,2,A,0,1,A,12000.0,Franz-Xaver Wack ,10.0,6.0,5.0,3.0,1.0,0.0,7.0,2.0,21.0,24.0,1.0,3.0,2.0,2.0,0.0,0.0,20.0,20.0,2.4,3.15,2.55,,,,2.2,3.1,2.8
D2,20/05/01,M'gladbach,Chemnitz,3,0,H,2,0,H,34500.0,Jrgen Aust ,20.0,7.0,8.0,2.0,2.0,1.0,9.0,5.0,5.0,15.0,5.0,3.0,1.0,2.0,0.0,0.0,10.0,20.0,1.2,5.25,9.5,1.25,4.3,8.0,1.25,4.7,8.0
D2,29/10/00,Mannheim,M'gladbach,4,0,H,1,0,H,12000.0,Jrg Kessler ,,,,,,,,,,,,,2.0,2.0,0.0,0.0,20.0,20.0,2.45,3.0,2.55,,,,2.4,2.9,2.65
D2,20/04/01,Aachen,Mainz,1,0,H,1,0,H,10000.0,Kai Voss ,41.0,12.0,6.0,4.0,1.0,1.0,2.0,8.0,17.0,10.0,2.0,2.0,3.0,5.0,0.0,0.0,30.0,50.0,1.95,3.1,3.4,2.1,2.9,2.9,2.05,2.9,3.25
D2,22/09/00,Ulm,Saarbrucken,3,1,H,1,0,H,6200.0,Mike Pickel ,,,,,,,,,,,,,3.0,2.0,0.0,0.0,30.0,20.0,2.05,3.0,3.2,2.0,2.9,3.0,2.0,3.0,3.3
D2,13/08/00,Greuther Furth,Chemnitz,4,1,H,1,0,H,6000.0,Alfons Berg ,,,,,,,,,,,,,1.0,1.0,0.0,0.0,10.0,10.0,2.0,2.9,3.1,1.75,2.9,3.8,1.72,3.1,4.2
D2,02/02/01,Ahlen,Hannover,2,1,H,0,0,D,7115.0,Alfons Berg ,16.0,8.0,9.0,4.0,0.0,0.0,7.0,2.0,9.0,14.0,0.0,6.0,0.0,0.0,0.0,0.0,0.0,0.0,2.5,3.1,2.35,2.3,2.9,2.5,2.35,3.15,2.55
D2,20/08/00,Saarbrucken,Greuther Furth,2,1,H,1,1,D,18000.0,Florian Mayer ,,,,,,,,,,,,,1.0,1.0,0.0,0.0,10.0,10.0,2.25,3.1,2.5,2.1,2.9,2.9,1.95,3.0,3.4
D2,13/08/00,Mannheim,Aachen,3,0,H,1,0,H,7400.0,Jrgen Jansen ,,,,,,,,,,,,,1.0,0.0,0.0,0.0,10.0,0.0,1.85,3.1,3.6,,,,2.0,3.1,3.2
D2,13/10/00,Mannheim,Duisburg,1,0,H,1,0,H,5000.0,Manfred Haupt ,,,,,,,,,,,,,2.0,3.0,0.0,0.0,20.0,30.0,,,,,,,2.0,3.1,3.2
D2,03/11/00,Bielefeld,Stuttgarter K,0,0,D,0,0,D,7680.0,Torsten Koop ,,,,,,,,,,,,,2.0,1.0,0.0,0.0,20.0,10.0,1.5,3.4,6.0,1.5,3.4,4.7,1.5,3.45,5.5
D2,27/11/00,St Pauli,Mainz,2,2,D,0,0,D,14694.0,Bernd Heynemann ,,,,,,,,,,,,,1.0,2.0,0.0,0.0,10.0,20.0,1.5,3.5,6.0,1.6,3.2,4.2,1.5,3.4,5.6
D2,18/03/01,St Pauli,Chemnitz,3,0,H,1,0,H,16400.0,Dirk Margenberg ,27.0,7.0,20.0,3.0,1.0,0.0,8.0,4.0,16.0,18.0,1.0,4.0,2.0,3.0,0.0,1.0,20.0,55.0,1.22,4.7,10.5,1.25,4.3,8.0,1.3,4.25,7.5
D2,14/02/01,Saarbrucken,Chemnitz,4,1,H,1,1,D,5400.0,Uwe Kemmling ,10.0,4.0,6.0,2.0,0.0,0.0,10.0,3.0,14.0,12.0,3.0,2.0,1.0,2.0,0.0,1.0,10.0,45.0,1.42,3.8,6.0,1.4,3.6,5.5,1.45,3.55,6.0
D2,13/05/01,Osnabruck,Stuttgarter K,4,1,H,2,0,H,8000.0,Alfons Berg ,14.0,6.0,8.0,3.0,1.0,0.0,9.0,4.0,14.0,21.0,5.0,0.0,1.0,3.0,0.0,0.0,10.0,30.0,1.93,3.3,3.2,1.9,3.0,3.1,1.85,3.5,3.2
D2,04/11/00,Oberhausen,Mainz,1,0,H,0,0,D,4723.0,Peter Sippel ,,,,,,,,,,,,,2.0,2.0,0.0,0.0,20.0,20.0,1.7,3.5,3.85,1.65,3.1,4.0,1.65,3.25,4.5
D2,17/09/00,Chemnitz,Ulm,1,0,H,1,0,H,5600.0,Thomas Frank ,,,,,,,,,,,,,2.0,2.0,0.0,0.0,20.0,20.0,2.4,2.9,2.5,2.4,2.9,2.4,2.7,2.85,2.4
D2,11/02/01,Mannheim,Ahlen,0,3,A,0,0,D,8000.0,Michael Weiner ,9.0,6.0,4.0,3.0,0.0,0.0,4.0,4.0,15.0,18.0,4.0,4.0,5.0,3.0,2.0,0.0,100.0,30.0,1.6,3.3,4.7,,,,1.5,3.45,5.5
D2,09/05/01,Mannheim,Ulm,5,0,H,3,0,H,6000.0,Edgar Steinborn ,16.0,13.0,11.0,7.0,0.0,0.0,2.0,3.0,16.0,14.0,2.0,4.0,0.0,0.0,0.0,0.0,0.0,0.0,1.48,3.6,5.4,,,,1.45,3.75,5.5
D2,08/12/00,Reutlingen,Ulm,2,2,D,1,1,D,12470.0,Florian Meyer ,,,,,,,,,,,,,3.0,3.0,0.0,0.0,30.0,30.0,1.71,3.2,4.3,1.8,3.0,3.5,1.65,3.2,4.5
D2,03/11/00,Chemnitz,Ahlen,2,2,D,2,1,H,4200.0,Florian Meyer ,,,,,,,,,,,,,4.0,3.0,1.0,0.0,65.0,30.0,2.2,2.7,3.3,2.0,2.9,3.0,2.35,2.95,2.7
D2,18/09/00,Bielefeld,Aachen,1,1,D,1,1,D,,Michael Weiner ,,,,,,,,,,,,,4.0,3.0,1.0,0.0,65.0,30.0,1.5,3.35,5.2,1.55,3.3,4.5,1.45,3.6,5.8
D2,29/04/01,Ulm,Ahlen,2,0,H,0,0,D,4000.0,Wolfgang Stark ,11.0,6.0,8.0,5.0,0.0,0.0,7.0,4.0,9.0,8.0,1.0,0.0,2.0,2.0,0.0,0.0,20.0,20.0,2.47,3.0,2.58,2.6,3.0,2.2,2.8,3.1,2.2
D2,11/04/01,Oberhausen,Saarbrucken,4,1,H,1,0,H,2961.0,Detlef Scheppe ,9.0,9.0,4.0,6.0,0.0,0.0,5.0,1.0,12.0,19.0,5.0,4.0,5.0,2.0,0.0,1.0,50.0,45.0,1.87,3.15,3.6,2.0,2.9,3.0,1.95,3.2,3.2
D2,29/10/00,Stuttgarter K,Duisburg,0,0,D,0,0,D,4412.0,Uwe Kemmling ,,,,,,,,,,,,,1.0,2.0,0.0,0.0,10.0,20.0,2.3,3.2,2.6,2.3,2.9,2.5,2.3,2.9,2.75
D2,08/04/01,Stuttgarter K,Bielefeld,2,1,H,1,1,D,7580.0,Michael Weiner ,9.0,8.0,4.0,3.0,0.0,1.0,7.0,1.0,11.0,8.0,4.0,1.0,3.0,2.0,0.0,0.0,30.0,20.0,1.95,3.1,3.4,2.2,2.8,2.8,2.05,3.1,3.05
D2,16/09/00,M'gladbach,Mainz,1,1,D,1,1,D,19800.0,Stefan Weber ,,,,,,,,,,,,,1.0,4.0,0.0,0.0,10.0,40.0,1.4,3.5,6.6,1.35,3.8,6.2,1.45,3.4,6.5
D2,02/03/01,Ulm,Osnabruck,1,1,D,0,1,A,5000.0,Dirk Margenberg ,14.0,8.0,11.0,5.0,0.0,0.0,6.0,5.0,12.0,7.0,2.0,3.0,2.0,3.0,0.0,0.0,20.0,30.0,1.85,3.05,3.75,1.7,3.1,3.8,1.85,3.25,3.45
D2,12/12/00,Ulm,Stuttgarter K,1,1,D,0,1,A,7000.0,Jrgen Kreyer ,,,,,,,,,,,,,3.0,5.0,0.0,1.0,30.0,75.0,1.7,3.35,4.1,1.7,3.1,3.8,1.65,3.3,4.4
D2,25/04/01,Saarbrucken,Ahlen,1,2,A,1,0,H,8000.0,Stefan Kammerer ,11.0,11.0,5.0,5.0,0.0,0.0,6.0,3.0,22.0,22.0,7.0,1.0,3.0,3.0,0.0,0.0,30.0,30.0,2.0,3.1,3.25,2.1,2.9,2.9,2.1,3.1,2.75
D2,20/08/00,Nurnberg,Ahlen,2,0,H,2,0,H,21700.0,Hartmut Strampe ,,,,,,,,,,,,,0.0,1.0,0.0,0.0,0.0,10.0,1.4,3.7,6.15,1.35,3.8,6.2,1.3,4.1,8.0
D2,09/12/00,Bielefeld,Chemnitz,5,1,H,2,0,H,8081.0,Manfred Haupt ,,,,,,,,,,,,,1.0,2.0,0.0,0.0,10.0,20.0,1.6,3.4,5.0,1.55,3.3,4.5,1.55,3.2,5.5
D2,13/12/00,Chemnitz,M'gladbach,0,3,A,0,1,A,6500.0,Peter Gagelmann ,,,,,,,,,,,,,3.0,1.0,1.0,0.0,55.0,10.0,3.45,3.05,1.95,3.2,2.9,1.9,3.4,3.15,1.9
D2,13/12/00,Mainz,Mannheim,0,1,A,0,0,D,5224.0,Thomas Frank ,,,,,,,,,,,,,2.0,4.0,0.0,0.0,20.0,40.0,1.95,3.1,3.5,,,,1.95,3.0,3.4
D2,01/10/00,Osnabruck,Ulm,2,1,H,2,0,H,9996.0,Detlef Scheppe ,,,,,,,,,,,,,4.0,2.0,0.0,0.0,40.0,20.0,2.4,3.2,2.4,2.4,2.9,2.4,2.6,3.0,2.4
D2,08/09/00,Mainz,Bielefeld,2,4,A,2,4,A,5300.0,Jrgen Kreyer ,,,,,,,,,,,,,0.0,0.0,0.0,0.0,0.0,0.0,2.5,3.1,2.3,2.4,2.9,2.4,2.55,2.9,2.5
D2,01/04/01,Greuther Furth,Ahlen,2,4,A,0,0,D,8501.0,Christian Schssling ,20.0,10.0,7.0,7.0,1.0,0.0,8.0,0.0,14.0,10.0,3.0,2.0,1.0,3.0,0.0,0.0,10.0,30.0,1.62,3.3,4.8,1.7,3.1,3.8,1.6,3.3,4.8
D2,24/02/01,M'gladbach,Aachen,6,1,H,0,0,D,31000.0,Lutz Wagner ,13.0,6.0,9.0,3.0,0.0,0.0,3.0,3.0,13.0,15.0,10.0,1.0,2.0,6.0,0.0,2.0,20.0,110.0,1.4,3.8,6.1,1.55,3.3,4.5,1.5,3.4,5.6
D2,06/09/00,Stuttgarter K,Aachen,0,3,A,0,0,D,4115.0,Ralf Spker ,,,,,,,,,,,,,0.0,0.0,0.0,0.0,0.0,0.0,2.0,3.1,3.3,1.9,2.9,3.2,2.15,2.95,3.0
D2,19/08/00,Osnabruck,M'gladbach,1,3,A,1,0,H,19711.0,Helmut Krug ,,,,,,,,,,,,,1.0,3.0,0.0,0.0,10.0,30.0,2.7,3.1,2.25,2.9,2.9,2.1,3.15,3.1,2.0
D2,06/05/01,Nurnberg,Mainz,1,0,H,0,0,D,28000.0,Uwe Kemmling ,12.0,4.0,4.0,3.0,0.0,0.0,3.0,4.0,15.0,14.0,3.0,8.0,1.0,3.0,0.0,1.0,10.0,55.0,1.55,3.55,5.25,1.6,3.2,4.2,1.55,3.6,4.7
D2,17/09/00,Stuttgarter K,Nurnberg,0,2,A,0,0,D,7635.0,Jrg Kessler ,,,,,,,,,,,,,2.0,1.0,0.0,0.0,20.0,10.0,2.85,3.1,2.1,3.0,2.9,2.0,2.95,3.1,2.1
D2,06/09/00,Greuther Furth,Osnabruck,2,0,H,1,0,H,5806.0,Thorsten Kinhfer ,,,,,,,,,,,,,0.0,3.0,0.0,0.0,0.0,30.0,1.66,3.3,4.5,1.5,3.2,5.0,1.55,3.4,5.0
D2,06/04/01,Duisburg,Hannover,2,1,H,2,1,H,6093.0,Peter Gagelmann ,10.0,15.0,5.0,4.0,1.0,0.0,4.0,11.0,17.0,18.0,1.0,2.0,3.0,1.0,0.0,0.0,30.0,10.0,1.85,3.1,3.75,2.0,2.9,3.0,1.75,3.3,3.8
D2,06/11/00,Saarbrucken,Nurnberg,2,2,D,1,0,H,17000.0,Markus Schmidt ,,,,,,,,,,,,,2.0,2.0,0.0,0.0,20.0,20.0,,,,2.3,2.9,2.5,2.75,3.0,2.25
D2,01/10/00,Chemnitz,Mainz,0,2,A,0,0,D,5680.0,Franz-Xaver Wack ,,,,,,,,,,,,,0.0,2.0,1.0,0.0,25.0,20.0,2.15,3.15,2.8,2.1,2.9,2.9,2.35,2.9,2.7
D2,15/04/01,Greuther Furth,Reutlingen,1,0,H,0,0,D,4800.0,Dirk Margenberg ,20.0,4.0,12.0,0.0,1.0,0.0,4.0,5.0,14.0,18.0,1.0,2.0,2.0,1.0,0.0,0.0,20.0,10.0,1.7,3.2,4.4,1.75,3.1,3.6,1.75,3.25,3.85
D2,20/05/01,Bielefeld,Saarbrucken,4,2,H,3,1,H,17247.0,Franz-Xaver Wack ,12.0,8.0,8.0,3.0,0.0,2.0,8.0,4.0,16.0,21.0,7.0,0.0,0.0,0.0,0.0,0.0,0.0,0.0,1.57,3.3,5.3,1.5,3.2,5.0,1.6,2.85,6.2
D2,11/09/00,Aachen,Duisburg,1,0,H,0,0,D,15200.0,Peter Sippel ,,,,,,,,,,,,,0.0,1.0,0.0,0.0,0.0,10.0,2.0,3.15,3.3,2.1,2.9,2.9,1.95,3.0,3.4
D2,13/05/01,Oberhausen,Mannheim,1,2,A,0,1,A,2202.0,Lutz Michael Frhlich ,9.0,16.0,3.0,6.0,0.0,1.0,8.0,8.0,19.0,25.0,2.0,5.0,3.0,1.0,0.0,0.0,30.0,10.0,2.6,3.3,2.3,,,,2.6,3.35,2.2
D2,24/09/00,Mainz,Greuther Furth,1,0,H,1,0,H,4400.0,Ralf Spker ,,,,,,,,,,,,,1.0,3.0,0.0,0.0,10.0,30.0,2.0,3.1,3.2,2.0,2.9,3.0,1.95,3.1,3.3
D2,28/01/01,Ahlen,Nurnberg,0,1,A,0,1,A,9210.0,Babak Rafati ,9.0,6.0,7.0,3.0,0.0,0.0,6.0,5.0,26.0,13.0,7.0,9.0,2.0,3.0,0.0,0.0,20.0,30.0,3.15,3.2,2.05,2.7,2.9,2.2,2.85,2.9,2.25
D2,12/04/01,Chemnitz,Mannheim,0,0,D,0,0,D,2900.0,Volker Wezel ,12.0,11.0,6.0,5.0,2.0,1.0,8.0,4.0,21.0,16.0,4.0,2.0,3.0,1.0,0.0,0.0,30.0,10.0,4.1,3.3,1.72,,,,4.0,3.35,1.7
D2,05/11/00,M'gladbach,Reutlingen,1,1,D,1,1,D,20900.0,Matthias Anklam ,,,,,,,,,,,,,3.0,2.0,0.0,1.0,30.0,45.0,1.65,3.2,4.6,1.6,3.2,4.2,1.6,3.35,4.6
D2,11/02/01,Bielefeld,Mainz,4,1,H,2,0,H,7128.0,Lutz Wagner ,11.0,8.0,7.0,3.0,1.0,0.0,2.0,9.0,13.0,21.0,4.0,2.0,2.0,1.0,0.0,0.0,20.0,10.0,1.8,3.05,3.9,1.75,3.1,3.6,1.8,3.1,3.9
D2,19/11/00,Chemnitz,Reutlingen,1,3,A,1,2,A,6224.0,Jrgen Jansen ,,,,,,,,,,,,,0.0,2.0,0.0,0.0,0.0,20.0,2.2,3.0,2.95,2.2,2.9,2.7,2.35,2.85,2.8
D2,05/11/00,Osnabruck,St Pauli,0,0,D,0,0,D,16500.0,Lutz Michael Frhlich ,,,,,,,,,,,,,4.0,3.0,0.0,0.0,40.0,30.0,2.6,3.0,2.45,2.3,2.9,2.5,2.55,2.9,2.5
D2,14/02/01,Ulm,M'gladbach,2,4,A,0,1,A,8000.0,Thorsten Kinhfer ,4.0,8.0,2.0,5.0,0.0,0.0,0.0,1.0,16.0,20.0,2.0,2.0,3.0,4.0,0.0,0.0,30.0,40.0,2.6,3.1,2.35,2.4,2.9,2.4,2.7,3.0,2.3
D2,21/03/01,Chemnitz,Oberhausen,0,1,A,0,0,D,2360.0,Knut Kircher ,13.0,20.0,7.0,11.0,0.0,0.0,7.0,14.0,12.0,15.0,3.0,2.0,1.0,1.0,0.0,0.0,10.0,10.0,3.35,3.15,1.95,3.1,3.0,1.9,,,
D2,02/02/01,Nurnberg,Mannheim,1,0,H,0,0,D,16000.0,Manfred Haupt ,10.0,5.0,6.0,2.0,0.0,0.0,7.0,1.0,10.0,6.0,1.0,2.0,2.0,1.0,0.0,0.0,20.0,10.0,1.42,3.8,6.0,,,,1.5,3.5,5.5
D2,10/09/00,Osnabruck,Chemnitz,1,1,D,1,0,H,8362.0,Kai Voss ,,,,,,,,,,,,,1.0,3.0,0.0,0.0,10.0,30.0,2.0,3.05,3.2,1.8,3.0,3.5,1.85,3.0,3.75
D2,24/09/00,Ahlen,Stuttgarter K,1,1,D,0,0,D,4212.0,Frank Minskowski ,,,,,,,,,,,,,2.0,0.0,0.0,0.0,20.0,0.0,2.25,3.3,2.55,2.1,2.9,2.9,2.2,3.15,2.75
D2,04/02/01,Osnabruck,Greuther Furth,2,1,H,1,0,H,7500.0,Christian Schssling ,,,,,,,,,,,,,3.0,3.0,1.0,0.0,55.0,30.0,2.32,3.0,2.7,2.4,2.9,2.4,2.4,3.0,2.6
D2,08/04/01,Mainz,Oberhausen,1,0,H,0,0,D,5500.0,Ralf Spker ,13.0,7.0,4.0,2.0,0.0,0.0,9.0,3.0,15.0,13.0,1.0,0.0,0.0,1.0,0.0,1.0,0.0,35.0,1.95,3.1,3.4,1.8,2.9,3.6,1.9,3.15,3.4
D2,17/11/00,Ulm,Nurnberg,0,1,A,0,1,A,18000.0,Dirk Margenberg ,,,,,,,,,,,,,1.0,3.0,0.0,0.0,10.0,30.0,2.75,3.1,2.25,2.3,2.9,2.5,2.75,3.1,2.2
D2,14/10/00,Mainz,Saarbrucken,1,0,H,1,0,H,8961.0,Gnter Perl ,,,,,,,,,,,,,2.0,1.0,0.0,1.0,20.0,35.0,2.15,3.2,2.8,2.1,2.9,2.9,2.25,3.0,2.8
D2,20/08/00,Mainz,Stuttgarter K,2,2,D,1,2,A,5668.0,Wolfgang Stark ,,,,,,,,,,,,,4.0,3.0,0.0,0.0,40.0,30.0,1.6,3.4,4.5,1.65,3.1,4.0,1.65,3.2,4.6
D2,15/10/00,St Pauli,Greuther Furth,3,3,D,3,0,H,16377.0,Markus Schmidt ,,,,,,,,,,,,,1.0,2.0,0.0,0.0,10.0,20.0,1.66,3.3,4.2,1.9,2.9,3.2,1.75,3.15,4.0
D2,04/05/01,Stuttgarter K,Saarbrucken,0,1,A,0,1,A,5512.0,Matthias Anklam ,11.0,7.0,6.0,3.0,0.0,1.0,8.0,4.0,9.0,10.0,6.0,1.0,2.0,1.0,0.0,0.0,20.0,10.0,1.8,3.35,3.55,1.6,3.3,4.0,1.85,3.2,3.5
D2,26/01/01,Mannheim,St Pauli,2,1,H,1,0,H,8000.0,Frank Minskowski ,25.0,12.0,13.0,6.0,0.0,0.0,6.0,4.0,23.0,25.0,3.0,1.0,2.0,3.0,0.0,0.0,20.0,30.0,1.9,3.2,3.6,,,,1.95,3.1,3.25
D2,20/05/01,Reutlingen,Oberhausen,1,1,D,0,0,D,6183.0,Stefan Weber ,11.0,12.0,5.0,7.0,0.0,1.0,0.0,4.0,27.0,12.0,3.0,1.0,2.0,3.0,0.0,0.0,20.0,30.0,1.63,3.4,4.55,1.6,3.3,4.0,1.65,3.4,4.2
D2,23/09/00,Mannheim,Reutlingen,1,1,D,0,1,A,7000.0,Dirk Margenberg ,,,,,,,,,,,,,5.0,2.0,0.0,0.0,50.0,20.0,1.85,3.2,3.4,,,,1.8,3.15,3.75
D2,15/10/00,Ulm,Hannover,3,3,D,1,0,H,7000.0,Lutz Wagner ,,,,,,,,,,,,,2.0,3.0,0.0,2.0,20.0,80.0,2.05,3.0,3.2,2.1,2.9,2.9,2.05,3.15,3.0
D2,11/02/01,Greuther Furth,Ulm,1,0,H,0,0,D,5051.0,Ralf Spker ,14.0,5.0,8.0,1.0,0.0,1.0,4.0,2.0,24.0,15.0,1.0,2.0,1.0,5.0,0.0,0.0,10.0,50.0,1.67,3.25,4.3,1.8,3.0,3.5,1.75,3.15,4.0
D2,13/12/00,Oberhausen,Reutlingen,2,0,H,1,0,H,3016.0,Thorsten Kinhfer ,,,,,,,,,,,,,2.0,1.0,0.0,0.0,20.0,10.0,1.95,3.0,3.6,1.9,2.9,3.2,2.05,2.85,3.3
D2,28/01/01,Greuther Furth,Saarbrucken,0,1,A,0,1,A,5524.0,Jrgen Kreyer ,13.0,7.0,7.0,3.0,0.0,0.0,15.0,3.0,17.0,7.0,4.0,1.0,2.0,3.0,0.0,1.0,20.0,55.0,1.65,3.4,4.6,1.9,2.9,3.2,1.75,3.0,4.2
D2,11/03/01,Greuther Furth,St Pauli,5,1,H,2,0,H,7680.0,Manfred Haupt ,14.0,9.0,8.0,4.0,0.0,0.0,5.0,4.0,13.0,19.0,2.0,1.0,3.0,3.0,0.0,1.0,30.0,55.0,2.15,3.1,2.95,2.1,2.8,3.0,2.0,3.0,3.25
D2,03/12/00,Ulm,Mannheim,1,0,H,1,0,H,7500.0,Uwe Kemmling ,,,,,,,,,,,,,1.0,4.0,0.0,1.0,10.0,65.0,2.0,3.1,3.4,,,,2.25,3.1,2.8
D2,22/09/00,Nurnberg,Duisburg,3,1,H,1,1,D,21300.0,Christian Schssling ,,,,,,,,,,,,,2.0,3.0,0.0,0.0,20.0,30.0,1.55,3.35,4.9,1.55,3.3,4.5,1.55,3.4,5.0
D2,06/05/01,Bielefeld,Greuther Furth,1,1,D,1,0,H,14127.0,Jrgen Jansen ,11.0,5.0,8.0,2.0,0.0,0.0,3.0,5.0,20.0,16.0,4.0,3.0,2.0,2.0,0.0,0.0,20.0,20.0,2.25,3.1,2.75,2.1,2.9,2.9,2.0,3.2,3.1
D2,07/05/01,Hannover,M'gladbach,0,0,D,0,0,D,10000.0,Knut Kircher ,10.0,19.0,5.0,12.0,2.0,0.0,5.0,11.0,24.0,18.0,2.0,1.0,3.0,1.0,0.0,0.0,30.0,10.0,2.95,3.0,2.15,2.8,2.8,2.2,3.05,3.0,2.1
D2,14/02/01,Oberhausen,Bielefeld,0,0,D,0,0,D,4192.0,Stefan Kammerer ,7.0,8.0,4.0,3.0,0.0,0.0,8.0,7.0,21.0,9.0,5.0,6.0,0.0,3.0,0.0,0.0,0.0,30.0,1.85,3.2,3.6,1.9,2.9,3.2,1.85,3.3,3.4
D2,23/09/00,St Pauli,Bielefeld,2,0,H,0,0,D,17562.0,Jrgen Jansen ,,,,,,,,,,,,,1.0,2.0,0.0,0.0,10.0,20.0,2.4,3.3,2.4,2.4,2.9,2.4,2.7,3.0,2.3
D2,11/03/01,Chemnitz,Aachen,2,3,A,0,1,A,3200.0,Thorsten Kinhfer ,7.0,10.0,4.0,6.0,1.0,0.0,2.0,9.0,16.0,15.0,2.0,6.0,1.0,2.0,1.0,0.0,35.0,20.0,2.95,3.1,2.13,2.9,3.0,2.0,2.6,3.2,2.25
D2,29/01/01,Bielefeld,Ulm,1,1,D,1,1,D,6550.0,Bernd Heynemann ,13.0,9.0,2.0,3.0,1.0,0.0,2.0,4.0,22.0,20.0,4.0,5.0,2.0,2.0,0.0,0.0,20.0,20.0,1.85,3.3,3.6,1.8,2.9,3.6,1.85,3.0,3.75
D2,13/05/01,Mainz,Ahlen,2,2,D,2,2,D,6236.0,Volker Wezel ,11.0,9.0,4.0,4.0,0.0,0.0,6.0,8.0,16.0,19.0,2.0,1.0,0.0,0.0,0.0,2.0,0.0,50.0,2.36,3.1,2.6,2.3,2.9,2.5,2.35,3.2,2.5
D2,27/01/01,M'gladbach,Osnabruck,0,0,D,0,0,D,22000.0,Markus Schmidt ,16.0,4.0,6.0,2.0,1.0,0.0,16.0,4.0,19.0,12.0,3.0,1.0,1.0,3.0,0.0,0.0,10.0,30.0,1.33,4.2,7.5,1.35,3.8,6.2,1.3,4.0,8.0
D2,13/08/00,Bielefeld,Osnabruck,3,1,H,1,1,D,21258.0,Jrgen Aust ,,,,,,,,,,,,,0.0,3.0,0.0,0.0,0.0,30.0,1.55,3.7,4.5,1.55,3.3,4.5,1.44,3.6,6.0
D2,05/11/00,Greuther Furth,Mannheim,2,1,H,1,1,D,4500.0,Lutz Wagner ,,,,,,,,,,,,,1.0,5.0,0.0,2.0,10.0,100.0,2.0,2.9,3.5,,,,2.1,2.95,3.1
D2,22/10/00,Osnabruck,Mainz,2,1,H,1,0,H,10000.0,Peter Lange ,,,,,,,,,,,,,1.0,0.0,1.0,0.0,35.0,0.0,2.3,3.2,2.65,2.3,2.8,2.6,2.3,3.0,2.7
D2,22/10/00,Ulm,Oberhausen,0,1,A,0,0,D,6000.0,Frank Minskowski ,,,,,,,,,,,,,0.0,2.0,0.0,0.0,0.0,20.0,1.9,3.2,3.3,1.8,3.0,3.5,1.85,3.1,3.65
D2,25/02/01,Greuther Furth,Mainz,3,1,H,1,0,H,3590.0,Thomas Frank ,8.0,7.0,5.0,1.0,1.0,0.0,8.0,3.0,9.0,12.0,2.0,2.0,1.0,2.0,0.0,0.0,10.0,20.0,1.55,3.4,5.0,1.7,3.1,3.8,1.55,3.4,5.0
D2,19/11/00,Greuther Furth,Stuttgarter K,2,0,H,0,0,D,5517.0,Kai Voss ,,,,,,,,,,,,,1.0,4.0,0.0,0.0,10.0,40.0,1.66,3.2,4.55,1.6,3.2,4.2,1.55,3.2,5.5
D2,12/08/00,M'gladbach,Saarbrucken,0,0,D,0,0,D,28000.0,Peter Gagelmann ,,,,,,,,,,,,,0.0,0.0,0.0,0.0,0.0,0.0,1.4,3.7,6.5,1.45,3.5,5.0,1.57,3.3,5.0
D2,03/12/00,Mainz,Nurnberg,2,0,H,1,0,H,7000.0,Frank Minskowski ,,,,,,,,,,,,,1.0,0.0,0.0,0.0,10.0,0.0,3.3,3.1,1.95,2.7,2.9,2.2,2.95,3.0,2.15
D2,13/05/01,Aachen,Nurnberg,0,1,A,0,0,D,9500.0,Knut Kircher ,,,,,,,,,,,,,1.0,2.0,0.0,0.0,10.0,20.0,2.6,3.0,2.45,2.4,2.9,2.4,2.4,3.3,2.4
D2,04/03/01,Mannheim,Stuttgarter K,4,2,H,2,1,H,6400.0,Jrgen Jansen ,13.0,5.0,7.0,2.0,0.0,0.0,6.0,2.0,10.0,4.0,3.0,1.0,0.0,2.0,0.0,1.0,0.0,45.0,1.55,3.45,5.0,,,,1.4,3.6,6.75
D2,12/02/01,Duisburg,Aachen,4,0,H,0,0,D,6000.0,Florian Meyer ,18.0,6.0,9.0,1.0,0.0,0.0,6.0,3.0,21.0,15.0,4.0,6.0,2.0,0.0,0.0,0.0,20.0,0.0,1.6,3.4,4.5,1.75,3.1,3.6,1.7,3.15,4.3
D2,02/04/01,M'gladbach,Mannheim,3,0,H,0,0,D,21918.0,Uwe Kemmling ,15.0,9.0,6.0,0.0,0.0,0.0,4.0,6.0,21.0,23.0,2.0,3.0,1.0,2.0,0.0,1.0,10.0,45.0,1.67,3.25,4.5,,,,1.6,3.3,4.8
D2,20/05/01,Hannover,Greuther Furth,2,1,H,1,0,H,7000.0,Edgar Steinborn ,10.0,12.0,8.0,3.0,0.0,1.0,7.0,7.0,15.0,24.0,6.0,3.0,1.0,0.0,0.0,1.0,10.0,25.0,2.6,3.25,2.3,2.3,3.1,2.3,2.55,3.3,2.25
D2,15/09/00,Hannover,Mannheim,3,0,H,0,0,D,8567.0,Detlef Scheppe ,,,,,,,,,,,,,2.0,4.0,0.0,1.0,20.0,65.0,1.85,3.2,3.45,,,,1.95,3.0,3.4
D2,11/08/00,Stuttgarter K,Oberhausen,1,0,H,1,0,H,5400.0,,,,,,,,,,,,,,2.0,1.0,0.0,0.0,20.0,10.0,1.8,3.1,3.8,2.0,2.9,3.0,2.1,3.1,3.0
D2,12/12/00,Saarbrucken,Bielefeld,1,0,H,1,0,H,5500.0,Gnter Perl ,,,,,,,,,,,,,2.0,1.0,0.0,0.0,20.0,10.0,1.95,3.05,3.55,1.9,2.9,3.2,1.95,3.0,3.4
D2,10/12/00,Nurnberg,Aachen,6,1,H,3,1,H,17100.0,Helmut Krug ,,,,,,,,,,,,,1.0,2.0,0.0,0.0,10.0,20.0,1.4,3.8,7.0,1.45,3.5,5.0,1.45,3.5,6.0
D2,15/10/00,Reutlingen,Stuttgarter K,1,0,H,0,0,D,11000.0,Lutz Michael Frhlich ,,,,,,,,,,,,,0.0,2.0,0.0,0.0,0.0,20.0,1.75,3.3,3.9,1.75,3.1,3.6,1.95,2.8,3.75
D2,22/10/00,Duisburg,Reutlingen,4,3,H,2,1,H,7365.0,Babak Rafati ,,,,,,,,,,,,,5.0,1.0,0.0,0.0,50.0,10.0,1.8,3.15,3.65,1.8,3.0,3.5,1.8,3.15,3.75
D2,27/04/01,M'gladbach,Bielefeld,0,1,A,0,0,D,32500.0,Gnter Perl ,18.0,15.0,8.0,8.0,1.0,2.0,7.0,4.0,6.0,18.0,4.0,2.0,1.0,2.0,1.0,0.0,35.0,20.0,1.45,3.7,6.1,1.6,3.2,4.2,1.5,3.5,5.4
D2,22/04/01,Nurnberg,Ulm,1,2,A,0,2,A,18900.0,Peter Gagelmann ,16.0,6.0,5.0,2.0,2.0,0.0,5.0,0.0,15.0,16.0,5.0,11.0,0.0,2.0,0.0,0.0,0.0,20.0,1.35,4.1,6.9,1.35,3.8,6.2,1.3,4.25,7.5
D2,27/10/00,Nurnberg,Chemnitz,3,1,H,2,0,H,15500.0,Knut Kircher ,,,,,,,,,,,,,1.0,1.0,0.0,0.0,10.0,10.0,1.3,4.5,7.1,1.3,4.0,7.0,1.25,4.5,8.5
D2,19/08/00,Aachen,Reutlingen,4,1,H,1,0,H,15000.0,Herrmann Albrecht ,,,,,,,,,,,,,1.0,1.0,0.0,1.0,10.0,35.0,1.7,3.2,4.1,1.9,2.9,3.2,1.75,3.15,4.0
D2,20/05/01,Ahlen,Aachen,1,2,A,0,0,D,8120.0,Jrg Kessler ,11.0,9.0,6.0,7.0,1.0,0.0,6.0,4.0,17.0,10.0,2.0,9.0,5.0,1.0,0.0,1.0,50.0,35.0,1.55,3.55,5.0,1.55,3.3,4.5,1.55,3.5,4.8
D2,11/11/00,Mainz,Hannover,0,2,A,0,0,D,4513.0,Matthias Anklam ,,,,,,,,,,,,,3.0,0.0,1.0,1.0,55.0,25.0,2.4,3.0,2.7,2.3,2.9,2.5,2.3,2.9,2.8
D2,29/10/00,Oberhausen,Hannover,0,0,D,0,0,D,7154.0,Volker Wezel ,,,,,,,,,,,,,2.0,1.0,0.0,0.0,20.0,10.0,2.2,2.95,3.05,2.0,2.9,3.0,2.15,2.9,3.0
D2,22/04/01,Bielefeld,Hannover,5,2,H,2,0,H,12266.0,Christian Schssling ,16.0,14.0,11.0,4.0,0.0,0.0,6.0,5.0,16.0,18.0,0.0,4.0,1.0,3.0,0.0,0.0,10.0,30.0,1.95,3.1,3.4,1.75,3.1,3.6,1.85,3.25,3.45
D2,20/10/00,Chemnitz,St Pauli,1,3,A,1,0,H,5800.0,Ralf Spker ,,,,,,,,,,,,,1.0,2.0,0.0,0.0,10.0,20.0,2.4,3.15,2.45,2.2,2.9,2.7,2.3,2.95,2.75
D2,02/12/00,Osnabruck,Reutlingen,0,2,A,0,1,A,7600.0,Gnter Perl ,,,,,,,,,,,,,5.0,3.0,1.0,0.0,75.0,30.0,2.4,3.0,2.7,2.3,2.9,2.5,2.45,2.8,2.65
D2,01/10/00,Hannover,Reutlingen,5,1,H,2,1,H,11352.0,Thorsten Kinhfer ,,,,,,,,,,,,,4.0,2.0,0.0,0.0,40.0,20.0,1.71,3.4,3.85,1.7,3.1,3.8,1.75,3.2,3.9
D2,16/04/01,Osnabruck,Nurnberg,2,1,H,1,1,D,16100.0,Mike Pickel ,8.0,3.0,1.0,3.0,0.0,0.0,4.0,0.0,15.0,16.0,8.0,0.0,1.0,2.0,0.0,1.0,10.0,45.0,2.85,3.0,2.25,2.3,2.9,2.5,2.65,3.15,2.25
D2,04/03/01,Reutlingen,Hannover,3,0,H,2,0,H,6209.0,Jrgen Aust ,11.0,13.0,9.0,3.0,0.0,1.0,8.0,8.0,9.0,10.0,0.0,2.0,1.0,4.0,0.0,0.0,10.0,40.0,1.8,3.1,3.9,1.9,3.0,3.1,1.7,3.3,4.0
D2,25/02/01,Reutlingen,Mannheim,1,1,D,0,1,A,7100.0,Wolfgang Stark ,9.0,11.0,3.0,2.0,1.0,1.0,1.0,4.0,20.0,16.0,0.0,2.0,1.0,5.0,1.0,1.0,35.0,75.0,1.75,3.25,3.8,,,,1.85,3.15,3.6
D2,14/10/00,Ahlen,Bielefeld,1,1,D,1,0,H,9050.0,Volker Wezel ,,,,,,,,,,,,,2.0,2.0,0.0,0.0,20.0,20.0,3.5,3.3,1.8,3.0,2.9,2.0,3.4,3.0,1.95
D2,26/11/00,Nurnberg,Oberhausen,2,1,H,1,0,H,26000.0,Jrg Kessler ,,,,,,,,,,,,,1.0,2.0,0.0,0.0,10.0,20.0,1.4,3.5,6.0,1.5,3.4,4.7,1.35,3.75,7.5
D2,31/03/01,Bielefeld,Reutlingen,3,1,H,3,0,H,9205.0,Franz Minkowski ,22.0,10.0,14.0,4.0,0.0,0.0,6.0,4.0,6.0,17.0,2.0,2.0,2.0,3.0,0.0,1.0,20.0,55.0,2.05,3.0,3.25,1.9,2.9,3.2,2.0,2.9,3.4
D2,24/11/00,Aachen,Hannover,0,4,A,0,3,A,14200.0,Markus Schmidt ,,,,,,,,,,,,,2.0,4.0,1.0,1.0,45.0,65.0,2.25,3.1,2.85,2.0,2.9,3.0,2.2,2.9,2.95
D2,09/03/01,Duisburg,Mannheim,0,1,A,0,0,D,6060.0,Peter Sippel ,12.0,5.0,7.0,2.0,0.0,0.0,4.0,3.0,15.0,19.0,0.0,1.0,2.0,0.0,0.0,0.0,20.0,0.0,1.84,3.2,3.6,,,,1.85,3.15,3.55
D2,16/02/01,Mannheim,Hannover,2,1,H,1,0,H,6900.0,Lutz Michael Frhlich ,10.0,7.0,3.0,3.0,0.0,1.0,2.0,3.0,14.0,12.0,5.0,4.0,0.0,2.0,0.0,0.0,0.0,20.0,1.95,3.1,3.15,,,,2.0,3.0,3.3
D2,13/05/01,Greuther Furth,M'gladbach,2,2,D,0,2,A,15000.0,Michael Weiner ,16.0,3.0,6.0,2.0,1.0,0.0,6.0,2.0,18.0,6.0,1.0,4.0,2.0,2.0,0.0,0.0,20.0,20.0,2.27,3.1,2.75,1.9,2.9,3.2,2.25,2.9,2.85
D2,18/02/01,Osnabruck,Saarbrucken,2,2,D,1,1,D,14100.0,Thorsten Kinhfer ,7.0,4.0,2.0,0.0,1.0,0.0,2.0,2.0,26.0,16.0,4.0,2.0,1.0,4.0,0.0,2.0,10.0,90.0,2.15,3.05,2.9,2.3,2.9,2.5,2.2,3.0,2.85
D2,28/01/01,Duisburg,Oberhausen,1,2,A,0,0,D,12000.0,Hermann Albrecht ,9.0,11.0,4.0,2.0,0.0,0.0,8.0,6.0,16.0,12.0,6.0,3.0,3.0,2.0,0.0,0.0,30.0,20.0,1.65,3.4,4.6,1.8,3.0,3.5,1.8,3.0,4.0
D2,09/09/00,Nurnberg,Reutlingen,2,0,H,2,0,H,,Lutz Wagner ,,,,,,,,,,,,,1.0,2.0,0.0,0.0,10.0,20.0,1.5,3.4,5.4,1.4,3.6,5.5,1.4,3.6,7.0
D2,22/04/01,Ahlen,Osnabruck,1,0,H,1,0,H,10600.0,Jrgen Aust ,8.0,10.0,3.0,5.0,0.0,1.0,9.0,5.0,16.0,16.0,2.0,4.0,2.0,3.0,0.0,1.0,20.0,55.0,1.62,3.4,4.55,1.7,3.1,3.8,1.7,3.2,4.2
D2,21/10/00,Hannover,Stuttgarter K,1,0,H,0,0,D,12331.0,Jrgen Kreyer ,,,,,,,,,,,,,2.0,2.0,1.0,0.0,45.0,20.0,1.5,3.55,5.2,1.45,3.5,5.0,1.5,3.45,5.5
D2,13/08/00,Reutlingen,Mainz,3,2,H,1,1,D,8000.0,Uwe Kemmling ,,,,,,,,,,,,,2.0,4.0,0.0,0.0,20.0,40.0,2.3,3.2,2.55,1.9,2.9,3.2,2.2,3.0,2.9
D2,17/02/01,Oberhausen,Greuther Furth,2,2,D,0,1,A,3054.0,Peter Lange ,11.0,8.0,4.0,3.0,0.0,0.0,6.0,3.0,16.0,22.0,4.0,3.0,2.0,2.0,0.0,0.0,20.0,20.0,1.85,3.15,3.55,1.9,2.8,3.3,2.0,3.1,3.2
D2,13/11/00,Nurnberg,Osnabruck,3,1,H,2,0,H,10100.0,Peter Gagelmann ,,,,,,,,,,,,,3.0,1.0,0.0,0.0,30.0,10.0,1.25,4.6,8.0,1.3,4.0,7.0,1.25,4.5,8.5
D2,04/11/00,Hannover,Duisburg,0,2,A,0,0,D,13737.0,Stefan Kammerer ,,,,,,,,,,,,,2.0,3.0,0.0,0.0,20.0,30.0,1.65,3.2,4.8,1.8,3.0,3.5,1.7,3.25,4.1
D2,13/05/01,Saarbrucken,Duisburg,1,0,H,0,0,D,3700.0,Michael Weiner ,5.0,9.0,2.0,2.0,1.0,0.0,2.0,7.0,12.0,12.0,3.0,5.0,1.0,0.0,1.0,0.0,35.0,0.0,1.9,3.15,3.5,1.85,3.0,3.3,1.8,3.3,3.55
D2,06/04/01,Nurnberg,Saarbrucken,0,1,A,0,0,D,17100.0,Babak Rafati ,10.0,8.0,6.0,4.0,0.0,0.0,6.0,1.0,13.0,10.0,5.0,4.0,1.0,1.0,0.0,0.0,10.0,10.0,1.37,3.85,7.0,1.5,3.4,4.7,1.35,4.0,6.8
D2,02/10/00,Bielefeld,Nurnberg,1,2,A,1,0,H,13000.0,Florian Meyer ,,,,,,,,,,,,,2.0,2.0,0.0,0.0,20.0,20.0,2.2,3.0,2.9,2.0,2.9,3.0,2.25,2.85,2.9
D2,09/09/00,Ahlen,Mannheim,1,2,A,1,0,H,,Michael Pickel ,,,,,,,,,,,,,3.0,3.0,0.0,0.0,30.0,30.0,2.25,3.15,2.6,,,,2.3,2.9,2.8
D2,06/09/00,Mannheim,Nurnberg,1,4,A,0,2,A,8100.0,Thorsten Koop ,,,,,,,,,,,,,2.0,4.0,0.0,0.0,20.0,40.0,2.55,3.1,2.35,,,,2.55,2.85,2.5
D2,23/10/00,M'gladbach,Ahlen,1,2,A,0,0,D,15500.0,Stefan Kammerer ,,,,,,,,,,,,,0.0,4.0,0.0,0.0,0.0,40.0,1.35,3.55,5.1,1.35,3.8,6.2,1.3,4.0,8.5
D2,16/12/00,Mainz,Reutlingen,1,1,D,0,0,D,4115.0,Kai Voss ,,,,,,,,,,,,,5.0,2.0,0.0,0.0,50.0,20.0,2.2,3.1,2.9,2.1,2.9,2.9,2.2,2.9,2.95
D2,11/03/01,Stuttgarter K,Reutlingen,1,0,H,1,0,H,8751.0,Stefan Kammerer ,12.0,6.0,5.0,3.0,2.0,0.0,3.0,12.0,15.0,15.0,1.0,0.0,2.0,3.0,0.0,0.0,20.0,30.0,2.5,2.85,2.65,2.45,2.8,2.45,2.4,3.0,2.55
D2,18/03/01,Reutlingen,Duisburg,0,1,A,0,1,A,6157.0,Michael Weiner ,15.0,9.0,2.0,4.0,0.0,0.0,6.0,1.0,16.0,10.0,1.0,1.0,3.0,4.0,0.0,0.0,30.0,40.0,1.87,3.1,3.7,1.8,3.0,3.5,1.75,3.25,3.85
D2,26/01/01,Hannover,Chemnitz,0,0,D,0,0,D,9262.0,Dirk Margenberg ,18.0,13.0,8.0,7.0,0.0,0.0,12.0,1.0,31.0,19.0,2.0,2.0,0.0,1.0,0.0,0.0,0.0,10.0,1.35,4.2,7.0,1.35,3.8,6.2,1.35,3.75,7.5
D2,30/09/00,Stuttgarter K,Mannheim,2,2,D,1,1,D,4532.0,Gnter Perl ,,,,,,,,,,,,,2.0,3.0,0.0,1.0,20.0,55.0,,,,,,,2.3,3.0,2.7
D2,16/09/00,Reutlingen,Ahlen,5,1,H,1,1,D,5850.0,Babak Rafati ,,,,,,,,,,,,,1.0,4.0,0.0,0.0,10.0,40.0,1.66,3.15,4.4,1.55,3.3,4.5,1.6,3.3,4.8
D2,15/04/01,M'gladbach,Stuttgarter K,1,0,H,0,0,D,22450.0,Florian Meyer ,16.0,3.0,9.0,1.0,0.0,0.0,10.0,2.0,17.0,13.0,2.0,2.0,2.0,2.0,0.0,0.0,20.0,20.0,1.4,3.8,6.6,1.45,3.5,5.0,1.4,3.7,6.5
D2,25/09/00,Aachen,M'gladbach,1,1,D,1,1,D,22500.0,Edgar Steinborn ,,,,,,,,,,,,,4.0,3.0,0.0,0.0,40.0,30.0,2.35,3.1,2.55,2.4,2.9,2.4,2.55,2.8,2.55
D2,08/04/01,Aachen,Ulm,1,0,H,0,0,D,11100.0,Matthias Anklam ,6.0,4.0,2.0,1.0,0.0,0.0,3.0,4.0,9.0,11.0,1.0,0.0,1.0,0.0,1.0,0.0,35.0,0.0,1.7,3.3,4.2,1.75,3.1,3.6,1.6,3.35,4.6
D2,24/11/00,Duisburg,Greuther Furth,0,0,D,0,0,D,6783.0,Knut Kircher ,,,,,,,,,,,,,1.0,0.0,1.0,0.0,35.0,0.0,1.8,3.2,4.0,1.75,3.1,3.6,1.7,3.2,4.2
D2,22/10/00,Saarbrucken,Aachen,1,3,A,1,0,H,18000.0,Thomas Frank ,,,,,,,,,,,,,0.0,2.0,0.0,0.0,0.0,20.0,1.75,3.15,3.9,1.7,3.1,3.8,1.65,3.2,4.6
D2,18/08/00,St Pauli,Mannheim,5,0,H,4,0,H,17390.0,Helmut Fleischer,,,,,,,,,,,,,2.0,1.0,0.0,1.0,20.0,35.0,2.0,2.95,3.05,,,,2.2,2.85,3.0
D2,10/09/00,Ulm,Greuther Furth,2,2,D,0,0,D,7500.0,Hartmut Strampe ,,,,,,,,,,,,,1.0,2.0,1.0,0.0,35.0,20.0,1.85,3.05,3.65,1.75,3.1,3.6,1.9,2.9,3.75
D2,16/12/00,Oberhausen,Stuttgarter K,1,3,A,1,1,D,2935.0,Matthias Anklam ,,,,,,,,,,,,,2.0,3.0,0.0,1.0,20.0,55.0,1.6,3.4,4.95,1.6,3.2,4.2,1.65,3.2,4.5
D2,04/12/00,M'gladbach,Hannover,2,0,H,1,0,H,15700.0,Peter Sippel ,,,,,,,,,,,,,2.0,1.0,1.0,1.0,45.0,35.0,2.05,3.0,3.2,1.9,2.9,3.2,2.1,3.0,3.05
D2,09/05/01,Ahlen,Oberhausen,4,1,H,1,0,H,6220.0,Gnter Perl ,18.0,7.0,14.0,3.0,1.0,0.0,5.0,4.0,12.0,11.0,5.0,8.0,2.0,2.0,0.0,0.0,20.0,20.0,1.4,3.65,5.4,1.45,3.5,5.0,1.55,3.6,4.7
D2,17/03/01,Oberhausen,Ulm,3,1,H,2,1,H,3067.0,Babak Rafati ,6.0,11.0,2.0,4.0,0.0,1.0,4.0,3.0,20.0,23.0,2.0,7.0,2.0,3.0,1.0,1.0,45.0,55.0,1.78,3.1,4.15,1.8,2.9,3.6,1.8,3.2,3.7
D2,20/11/00,Saarbrucken,Mannheim,3,3,D,2,2,D,10000.0,Volker Wezel ,,,,,,,,,,,,,2.0,3.0,0.0,0.0,20.0,30.0,1.75,3.3,4.0,,,,1.9,2.9,3.8
D2,10/03/01,Bielefeld,Ahlen,1,1,D,0,0,D,9108.0,Stefan Weber ,7.0,6.0,2.0,3.0,1.0,0.0,13.0,3.0,10.0,14.0,3.0,4.0,2.0,1.0,0.0,0.0,20.0,10.0,1.92,3.1,3.45,1.85,2.9,3.4,2.1,2.9,3.15
D2,20/11/00,Hannover,Bielefeld,4,2,H,3,1,H,15000.0,Gnter Perl ,,,,,,,,,,,,,1.0,1.0,0.0,0.0,10.0,10.0,1.85,3.15,3.7,2.0,2.9,3.0,1.75,3.15,4.0
D2,30/04/01,Greuther Furth,Duisburg,1,0,H,0,0,D,10320.0,Uwe Kemmling ,14.0,4.0,4.0,1.0,1.0,0.0,2.0,3.0,14.0,20.0,2.0,3.0,2.0,3.0,0.0,1.0,20.0,55.0,1.7,3.2,4.2,1.6,3.3,4.0,1.6,3.5,4.4
D2,13/05/01,Ulm,Reutlingen,2,3,A,0,0,D,4500.0,Florian Meyer ,10.0,8.0,6.0,5.0,0.0,0.0,4.0,3.0,3.0,5.0,0.0,2.0,3.0,1.0,0.0,0.0,30.0,10.0,2.23,3.05,2.85,2.2,3.0,2.6,2.3,3.15,2.6
D2,26/02/01,Hannover,Osnabruck,1,1,D,0,0,D,6000.0,Jrg Kessler ,14.0,14.0,3.0,5.0,1.0,1.0,12.0,4.0,15.0,15.0,2.0,0.0,1.0,3.0,0.0,0.0,10.0,30.0,1.55,3.4,5.0,1.55,3.3,4.5,1.65,3.3,4.3
D2,28/02/01,Mainz,Duisburg,1,0,H,1,0,H,4576.0,Knut Kircher ,14.0,4.0,9.0,3.0,1.0,0.0,3.0,4.0,20.0,16.0,6.0,2.0,2.0,2.0,0.0,0.0,20.0,20.0,2.65,3.0,2.35,2.3,2.8,2.6,2.7,3.0,2.3
D2,15/10/00,Oberhausen,Osnabruck,5,2,H,1,0,H,5351.0,Stefan Kammerer ,,,,,,,,,,,,,0.0,0.0,0.0,0.0,0.0,0.0,1.61,3.45,4.75,1.6,3.2,4.2,1.6,3.3,4.8
D2,27/10/00,Reutlingen,Bielefeld,3,2,H,2,1,H,8000.0,Stefan Weber ,,,,,,,,,,,,,1.0,2.0,0.0,0.0,10.0,20.0,2.4,3.1,2.65,2.3,2.9,2.5,2.35,2.9,2.7
D2,28/02/01,Aachen,Stuttgarter K,3,0,H,0,0,D,7000.0,Thomas Frank ,19.0,1.0,7.0,0.0,0.0,0.0,8.0,0.0,12.0,15.0,3.0,0.0,2.0,0.0,0.0,0.0,20.0,0.0,1.75,3.2,4.0,1.65,3.1,4.0,1.8,3.25,3.6
D2,15/12/00,Ulm,Duisburg,1,3,A,1,2,A,5000.0,Ralf Spker ,,,,,,,,,,,,,1.0,3.0,0.0,0.0,10.0,30.0,2.3,3.0,2.8,2.1,2.9,2.9,2.35,2.9,2.7
D2,02/12/00,Saarbrucken,Stuttgarter K,1,0,H,0,0,D,6000.0,Stefan Weber ,,,,,,,,,,,,,0.0,3.0,0.0,0.0,0.0,30.0,1.7,3.2,4.5,1.75,3.1,3.6,1.75,3.2,3.9
D2,14/12/00,St Pauli,Nurnberg,1,0,H,0,0,D,,,,,,,,,,,,,,,,,,,,,2.45,3.05,2.55,2.3,2.8,2.6,2.6,2.85,2.5
D2,01/04/01,Duisburg,Stuttgarter K,0,0,D,0,0,D,6558.0,Helmut Fleischer ,9.0,6.0,4.0,1.0,0.0,1.0,1.0,4.0,16.0,22.0,2.0,6.0,2.0,1.0,0.0,0.0,20.0,10.0,1.6,3.35,4.85,1.6,3.2,4.2,1.55,3.5,4.8
D2,27/01/01,Reutlingen,Aachen,3,1,H,1,1,D,6000.0,Detlef Scheppe ,11.0,8.0,5.0,3.0,0.0,0.0,9.0,6.0,12.0,12.0,4.0,4.0,0.0,3.0,0.0,0.0,0.0,30.0,1.75,3.5,3.8,1.75,3.1,3.6,1.7,3.2,4.2
D2,28/04/01,Mainz,St Pauli,1,1,D,0,1,A,8018.0,Michael Weiner ,14.0,8.0,9.0,4.0,1.0,0.0,9.0,4.0,19.0,16.0,1.0,6.0,2.0,3.0,0.0,0.0,20.0,30.0,2.45,3.0,2.6,2.2,2.9,2.7,2.3,2.9,2.8
D2,21/08/00,Ulm,Bielefeld,0,1,A,0,1,A,11000.0,Markus Merk ,16.0,11.0,5.0,9.0,1.0,0.0,6.0,4.0,21.0,18.0,2.0,2.0,0.0,4.0,0.0,0.0,0.0,40.0,1.9,3.1,3.5,1.9,2.9,3.2,1.9,3.0,3.6
D2,26/11/00,Stuttgarter K,Chemnitz,4,0,H,1,0,H,4246.0,Babak Rafati ,,,,,,,,,,,,,2.0,1.0,0.0,0.0,20.0,10.0,1.95,3.0,3.6,1.75,3.1,3.6,1.8,3.1,3.85
D2,13/10/00,Aachen,Chemnitz,1,2,A,0,1,A,15200.0,Matthias Anklam ,,,,,,,,,,,,,0.0,1.0,0.0,1.0,0.0,35.0,1.5,3.4,5.7,1.45,3.5,5.0,1.5,3.5,5.4
D2,09/04/01,Reutlingen,M'gladbach,3,1,H,2,0,H,12500.0,Lutz Michael Frhlich ,16.0,26.0,11.0,9.0,1.0,0.0,3.0,9.0,20.0,21.0,0.0,2.0,2.0,3.0,0.0,0.0,20.0,30.0,2.5,3.1,2.45,2.4,2.9,2.4,2.7,3.1,2.25
D2,10/02/01,M'gladbach,Oberhausen,1,0,H,1,0,H,20000.0,Volker Wezel ,11.0,12.0,5.0,5.0,0.0,0.0,1.0,6.0,35.0,14.0,6.0,6.0,2.0,3.0,1.0,0.0,45.0,30.0,1.5,3.5,5.3,1.6,3.2,4.2,1.65,3.15,4.6
D2,12/12/00,Osnabruck,Duisburg,1,3,A,1,1,D,7400.0,Stefan Kammerer ,,,,,,,,,,,,,2.0,2.0,0.0,0.0,20.0,20.0,2.85,3.1,2.2,2.4,2.9,2.4,2.85,2.9,2.25
D2,17/12/00,Saarbrucken,M'gladbach,0,4,A,0,1,A,25000.0,Babak Rafati ,,,,,,,,,,,,,3.0,5.0,0.0,0.0,30.0,50.0,2.3,3.3,2.6,2.4,2.9,2.4,2.3,3.0,2.7
D2,14/12/00,Greuther Furth,Hannover,2,1,H,1,0,H,,,,,,,,,,,,,,,,,,,,,,,,,,,,,
D2,09/02/01,Stuttgarter K,St Pauli,0,2,A,0,1,A,4749.0,Peter Gagelmann ,16.0,9.0,4.0,4.0,0.0,0.0,12.0,2.0,11.0,8.0,3.0,3.0,0.0,3.0,0.0,0.0,0.0,30.0,2.5,3.0,2.45,2.2,2.8,2.8,2.45,2.85,2.65
D2,05/09/00,Duisburg,Mainz,0,0,D,0,0,D,6000.0,Peter Gagelmann ,,,,,,,,,,,,,1.0,2.0,0.0,0.0,10.0,20.0,1.8,3.2,3.9,1.8,3.0,3.5,1.7,3.1,4.4
D2,21/04/01,St Pauli,Oberhausen,4,1,H,3,1,H,20725.0,Peter Lange ,10.0,17.0,9.0,4.0,0.0,0.0,2.0,4.0,11.0,21.0,3.0,2.0,3.0,3.0,0.0,0.0,30.0,30.0,1.65,3.3,4.55,1.75,3.1,3.6,1.65,3.3,4.35
D2,18/02/01,St Pauli,Duisburg,1,0,H,1,0,H,17500.0,Christian Schssling ,18.0,12.0,7.0,6.0,0.0,2.0,8.0,8.0,18.0,20.0,6.0,1.0,3.0,3.0,0.0,1.0,30.0,55.0,1.77,3.1,3.9,2.1,2.9,2.9,2.0,3.0,3.3
D2,16/03/01,Stuttgarter K,Hannover,2,0,H,1,0,H,4512.0,Ralf Spker ,15.0,8.0,7.0,2.0,0.0,0.0,10.0,4.0,12.0,12.0,2.0,2.0,2.0,0.0,0.0,1.0,20.0,25.0,2.4,3.0,2.65,2.3,2.9,2.5,2.2,3.1,2.75
D2,10/02/01,Chemnitz,Osnabruck,1,2,A,0,0,D,4690.0,Peter Sippel ,15.0,8.0,8.0,5.0,0.0,0.0,11.0,0.0,19.0,15.0,4.0,3.0,1.0,1.0,0.0,0.0,10.0,10.0,2.1,3.1,2.95,2.1,2.9,2.9,2.25,2.9,2.85
D2,29/04/01,Oberhausen,Nurnberg,1,2,A,0,2,A,5648.0,Lutz Wagner ,12.0,7.0,3.0,2.0,0.0,0.0,6.0,4.0,24.0,29.0,6.0,6.0,4.0,3.0,0.0,0.0,40.0,30.0,2.44,3.0,2.6,2.2,2.9,2.7,2.3,3.0,2.7
D2,26/11/00,Mannheim,Osnabruck,2,0,H,0,0,D,5000.0,Edgar Steinborn ,,,,,,,,,,,,,1.0,2.0,0.0,0.0,10.0,20.0,1.65,3.2,5.0,,,,1.55,3.4,5.0
D2,04/03/01,Aachen,Greuther Furth,0,0,D,0,0,D,12000.0,Volker Wezel ,11.0,13.0,3.0,6.0,1.0,0.0,3.0,5.0,13.0,14.0,2.0,1.0,1.0,2.0,0.0,0.0,10.0,20.0,2.2,2.9,3.0,2.1,2.9,2.9,1.95,3.1,3.3
D2,08/09/00,Saarbrucken,Hannover,2,1,H,1,0,H,13000.0,Volker Wezel ,,,,,,,,,,,,,1.0,2.0,0.0,0.0,10.0,20.0,2.2,3.0,2.75,2.1,2.9,2.9,1.85,3.15,3.6
D2,20/05/01,Nurnberg,St Pauli,1,2,A,1,1,D,44600.0,Helmut Krug ,10.0,14.0,5.0,6.0,0.0,1.0,9.0,9.0,15.0,15.0,4.0,6.0,2.0,4.0,0.0,0.0,20.0,40.0,2.35,3.4,2.4,2.3,3.1,2.3,2.45,3.5,2.25
D2,13/05/01,St Pauli,Hannover,2,2,D,0,2,A,20735.0,Helmut Fleischer ,19.0,10.0,14.0,6.0,0.0,0.0,10.0,4.0,8.0,17.0,1.0,4.0,1.0,0.0,0.0,0.0,10.0,0.0,1.37,3.9,6.9,1.4,3.6,5.5,1.35,4.0,6.8
D2,18/11/00,Osnabruck,Ahlen,1,1,D,0,1,A,8000.0,Knut Kircher ,,,,,,,,,,,,,2.0,1.0,0.0,0.0,20.0,10.0,2.15,2.9,3.15,2.2,2.9,2.7,2.25,2.9,2.85
D2,18/12/00,Aachen,Mannheim,0,1,A,0,0,D,,Stefan Weber ,,,,,,,,,,,,,1.0,2.0,0.0,0.0,10.0,20.0,1.95,3.1,3.25,,,,2.0,3.0,3.25
D2,28/04/01,Chemnitz,Stuttgarter K,0,2,A,0,0,D,2777.0,Babak Rafati ,4.0,7.0,2.0,3.0,0.0,0.0,3.0,4.0,9.0,14.0,2.0,0.0,5.0,1.0,0.0,0.0,50.0,10.0,3.07,3.1,2.1,,,,3.3,3.25,1.9
D2,24/02/01,Bielefeld,St Pauli,3,3,D,1,0,H,10719.0,Jrgen Kreyer ,23.0,12.0,14.0,6.0,1.0,0.0,8.0,9.0,18.0,23.0,5.0,9.0,4.0,4.0,1.0,0.0,65.0,40.0,2.4,2.95,2.6,2.1,2.9,2.9,2.4,3.1,2.5
D2,29/09/00,Duisburg,Ahlen,3,3,D,1,2,A,6712.0,Jrgen Aust ,,,,,,,,,,,,,0.0,1.0,0.0,0.0,0.0,10.0,1.47,3.8,5.0,1.45,3.5,5.0,1.4,3.6,7.0
D2,10/11/00,Mannheim,Chemnitz,0,0,D,0,0,D,5000.0,Alfons Berg ,,,,,,,,,,,,,1.0,1.0,0.0,0.0,10.0,10.0,1.57,3.4,5.0,,,,1.45,3.55,6.0
D2,12/11/00,Reutlingen,Greuther Furth,2,2,D,1,1,D,7490.0,Stefan Kammerer ,,,,,,,,,,,,,2.0,1.0,0.0,0.0,20.0,10.0,1.8,3.2,3.9,1.75,3.1,3.6,1.7,3.1,4.4
D2,11/03/01,Hannover,Ulm,2,0,H,1,0,H,6783.0,Mike Pickel ,16.0,13.0,10.0,7.0,1.0,0.0,11.0,7.0,17.0,16.0,3.0,0.0,4.0,2.0,0.0,0.0,40.0,20.0,1.72,3.2,4.2,1.75,3.1,3.6,1.7,3.2,4.2
D2,25/04/01,Reutlingen,Chemnitz,2,0,H,2,0,H,4800.0,Detlef Scheppe ,19.0,5.0,8.0,1.0,0.0,0.0,7.0,3.0,31.0,10.0,2.0,2.0,2.0,3.0,0.0,0.0,20.0,30.0,1.27,4.4,8.5,1.3,4.0,7.0,1.3,4.25,7.5
D2,01/12/00,Greuther Furth,Bielefeld,1,0,H,0,0,D,6135.0,Dirk Margenberg ,,,,,,,,,,,,,1.0,2.0,0.0,1.0,10.0,45.0,1.8,3.2,4.0,1.9,2.9,3.2,1.9,3.15,3.4
D2,30/03/01,Chemnitz,Nurnberg,1,1,D,0,1,A,4700.0,Markus Schmidt ,10.0,12.0,4.0,5.0,0.0,0.0,3.0,7.0,11.0,16.0,5.0,4.0,2.0,3.0,0.0,0.0,20.0,30.0,5.8,3.45,1.5,4.2,3.2,1.6,4.75,3.3,1.6
D2,05/09/00,Bielefeld,Oberhausen,2,0,H,2,0,H,12030.0,Peter Lange ,,,,,,,,,,,,,1.0,1.0,0.0,1.0,10.0,35.0,1.5,3.5,5.7,1.5,3.4,4.7,1.45,3.55,6.0
D2,20/04/01,Mannheim,Saarbrucken,2,3,A,2,1,H,10000.0,Stefan Weber ,9.0,8.0,6.0,5.0,0.0,0.0,7.0,4.0,10.0,8.0,2.0,3.0,2.0,1.0,0.0,0.0,20.0,10.0,1.65,3.3,4.55,,,,1.6,3.4,4.6
D2,04/03/01,Ahlen,Duisburg,3,2,H,1,1,D,7423.0,Thomas Frank ,12.0,12.0,9.0,5.0,0.0,0.0,2.0,8.0,11.0,26.0,2.0,4.0,3.0,4.0,0.0,0.0,30.0,40.0,2.25,3.0,2.8,2.3,2.9,2.5,2.25,3.1,2.7
D2,20/05/01,Stuttgarter K,Ulm,2,4,A,2,3,A,4188.0,Gnter Perl ,13.0,9.0,6.0,5.0,1.0,0.0,7.0,2.0,13.0,6.0,3.0,1.0,3.0,3.0,0.0,0.0,30.0,30.0,1.85,3.15,3.7,1.8,3.0,3.5,1.85,3.2,3.5
D2,21/03/01,Stuttgarter K,Ahlen,1,1,D,0,0,D,4418.0,Frank Minskowski ,21.0,10.0,6.0,4.0,1.0,0.0,6.0,4.0,15.0,10.0,0.0,0.0,1.0,2.0,0.0,0.0,10.0,20.0,2.2,3.1,2.85,2.2,2.9,2.7,,,
D2,11/08/00,Hannover,Nurnberg,1,1,D,0,0,D,20329.0,Bernd Heynemann ,,,,,,,,,,,,,1.0,1.0,0.0,0.0,10.0,10.0,2.4,3.0,2.6,2.3,2.9,2.5,2.5,3.0,2.5
D2,05/09/00,Hannover,Ahlen,1,1,D,0,1,A,11587.0,Dirk Margenberg ,,,,,,,,,,,,,2.0,3.0,0.0,0.0,20.0,30.0,1.5,3.6,5.4,1.45,3.5,5.0,1.45,3.4,6.5
D2,17/11/00,Mainz,Aachen,1,1,D,0,0,D,5500.0,Florian Meyer ,,,,,,,,,,,,,1.0,1.0,0.0,0.0,10.0,10.0,2.2,3.1,2.85,2.2,2.9,2.7,2.3,2.85,2.85
D2,29/10/00,St Pauli,Saarbrucken,2,2,D,2,0,H,17146.0,Detlef Scheppe ,,,,,,,,,,,,,2.0,2.0,0.0,0.0,20.0,20.0,1.95,3.0,3.6,1.9,2.9,3.2,1.85,3.15,3.5
D2,01/12/00,Chemnitz,Duisburg,1,3,A,1,1,D,4365.0,Volker Wezel ,,,,,,,,,,,,,2.0,4.0,0.0,0.0,20.0,40.0,2.55,3.0,2.45,2.5,2.9,2.3,2.6,2.9,2.45
